Sequence number,burst index,ip of sending device,time sent (ns),time received (ns)
0,0,"192.168.2.4",262936678237886,6847280416464
0,0,"192.168.2.10",437836968621953,6847280554609
1,1,"192.168.2.4",262936678525331,6847280602219
1,1,"192.168.2.10",437836968912878,6847280726776
2,2,"192.168.2.4",262936678725738,6847280889328
2,2,"192.168.2.10",437836969111101,6847281064304
3,3,"192.168.2.4",262936678935220,6847281175831
3,3,"192.168.2.10",437836969317675,6847281219893
4,4,"192.168.2.4",262936679141868,6847281319367
4,4,"192.168.2.10",437836969524823,6847281439610
5,5,"192.168.2.4",262936679349461,6847281611323
5,5,"192.168.2.10",437836969733323,6847281779936
6,6,"192.168.2.4",262936679558090,6847281888472
6,6,"192.168.2.10",437836969941434,6847282009844
7,7,"192.168.2.4",262936679766405,6847282065249
7,7,"192.168.2.10",437836970151564,6847282496247
8,8,"192.168.2.4",262936679976109,6847282500455
8,8,"192.168.2.10",437836970358267,6847282503679
9,9,"192.168.2.10",437836970566341,6847282593898
9,9,"192.168.2.4",262936680232127,6847282644139
10,10,"192.168.2.4",262936680391590,6847282763254
10,10,"192.168.2.10",437836970774823,6847282883922
11,11,"192.168.2.4",262936680599405,6847283314284
11,11,"192.168.2.10",437836970982860,6847283317251
12,12,"192.168.2.4",262936680807683,6847283319717
12,12,"192.168.2.10",437836971192545,6847283445826
13,13,"192.168.2.4",262936681017164,6847283555896
13,13,"192.168.2.10",437836971399564,6847283699420
14,14,"192.168.2.4",262936681224257,6847283823737
14,14,"192.168.2.10",437836971607897,6847283873496
15,15,"192.168.2.4",262936681432368,6847283966436
15,15,"192.168.2.10",437836971816619,6847284105324
16,16,"192.168.2.4",262936681640590,6847284206866
16,16,"192.168.2.10",437836972025953,6847284327411
17,17,"192.168.2.4",262936681848646,6847284447193
17,17,"192.168.2.10",437836972233878,6847284877305
18,18,"192.168.2.4",262936682058164,6847284880062
18,18,"192.168.2.10",437836972441082,6847284882804
19,19,"192.168.2.4",262936682265831,6847285007923
19,19,"192.168.2.10",437836972649360,6847285058201
20,20,"192.168.2.4",262936682474127,6847285485764
20,20,"192.168.2.10",437836972857638,6847285488538
21,21,"192.168.2.4",262936682681812,6847285490972
21,21,"192.168.2.10",437836973066082,6847285619583
22,22,"192.168.2.4",262936682890553,6847285739162
22,22,"192.168.2.10",437836973275878,6847285866441
23,23,"192.168.2.4",262936683099461,6847285998133
23,23,"192.168.2.10",437836973482971,6847286049721
24,24,"192.168.2.4",262936683306886,6847286135007
24,24,"192.168.2.10",437836973690360,6847286253609
25,25,"192.168.2.4",262936683515349,6847286372888
25,25,"192.168.2.10",437836973899193,6847286492874
26,26,"192.168.2.4",262936683723775,6847286617529
26,26,"192.168.2.10",437836974107304,6847286733440
27,27,"192.168.2.4",262936683931516,6847286853621
27,27,"192.168.2.10",437836974316730,6847286974401
28,28,"192.168.2.4",262936684141757,6847287094417
28,28,"192.168.2.10",437836974523675,6847287214040
29,29,"192.168.2.4",262936684348923,6847287334880
29,29,"192.168.2.10",437836974732286,6847287454883
30,30,"192.168.2.4",262936684556812,6847287575770
30,30,"192.168.2.10",437836974940286,6847287697115
31,31,"192.168.2.4",262936684764961,6847287816249
31,31,"192.168.2.10",437836975149119,6847287936469
32,32,"192.168.2.4",262936684973127,6847288057547
32,32,"192.168.2.10",437836975358434,6847288181811
33,33,"192.168.2.4",262936685182738,6847288297712
33,33,"192.168.2.10",437836975565286,6847288417615
34,34,"192.168.2.4",262936685390072,6847288538223
34,34,"192.168.2.10",437836975774045,6847288665853
35,35,"192.168.2.4",262936685598479,6847288779685
35,35,"192.168.2.10",437836975981916,6847288899150
36,36,"192.168.2.4",262936685806498,6847289019162
36,36,"192.168.2.10",437836976191638,6847289140170
37,37,"192.168.2.4",262936686015386,6847289260845
37,37,"192.168.2.10",437836976399693,6847289380765
38,38,"192.168.2.4",262936686224423,6847289500753
38,38,"192.168.2.10",437836976606823,6847289620550
39,39,"192.168.2.4",262936686431535,6847289743497
39,39,"192.168.2.10",437836976815341,6847289861541
40,40,"192.168.2.4",262936686640035,6847289982249
40,40,"192.168.2.10",437836977023841,6847290102696
41,41,"192.168.2.4",262936686847646,6847290222403
41,41,"192.168.2.10",437836977231823,6847290343201
42,42,"192.168.2.4",262936687056220,6847290464980
42,42,"192.168.2.10",437836977440823,6847290584286
43,43,"192.168.2.4",262936687265479,6847290710582
43,43,"192.168.2.10",437836977648378,6847290824133
44,44,"192.168.2.4",262936687472961,6847290944814
44,44,"192.168.2.10",437836977856471,6847291064828
45,45,"192.168.2.4",262936687681646,6847291185474
45,45,"192.168.2.10",437836978064897,6847291305436
46,46,"192.168.2.4",262936687889812,6847291425858
46,46,"192.168.2.10",437836978273064,6847291546280
47,47,"192.168.2.4",262936688101479,6847291666902
47,47,"192.168.2.10",437836978482971,6847291790697
48,48,"192.168.2.4",262936688307683,6847291907549
48,48,"192.168.2.10",437836978689841,6847292030945
49,49,"192.168.2.4",262936688514961,6847292149348
49,49,"192.168.2.10",437836978898082,6847292269415
50,50,"192.168.2.4",262936688722572,6847292388970
50,50,"192.168.2.10",437836979106360,6847292509108
51,51,"192.168.2.4",262936688931035,6847292678269
51,51,"192.168.2.10",437836979314823,6847292755435
52,52,"192.168.2.4",262936689139294,6847292870352
52,52,"192.168.2.10",437836979524212,6847292990915
53,53,"192.168.2.4",262936689348646,6847293110700
53,53,"192.168.2.10",437836979731545,6847293230483
54,54,"192.168.2.4",262936689556127,6847293351282
54,54,"192.168.2.10",437836979939545,6847293471647
55,55,"192.168.2.4",262936689764516,6847293592267
55,55,"192.168.2.10",437836980151527,6847293712091
56,56,"192.168.2.4",262936689972294,6847293834279
56,56,"192.168.2.10",437836980356638,6847293953568
57,57,"192.168.2.4",262936690180516,6847294073071
57,57,"192.168.2.10",437836980565712,6847294193654
58,58,"192.168.2.4",262936690390275,6847294313598
58,58,"192.168.2.10",437836980772601,6847294433677
59,59,"192.168.2.4",262936690597312,6847294556077
59,59,"192.168.2.10",437836980981638,6847294676884
60,60,"192.168.2.4",262936690805572,6847294795252
60,60,"192.168.2.10",437836981189730,6847294915319
61,61,"192.168.2.4",262936691014331,6847295036469
61,61,"192.168.2.10",437836981397860,6847295156426
62,62,"192.168.2.4",262936691222275,6847295276214
62,62,"192.168.2.10",437836981607101,6847295396795
63,63,"192.168.2.4",262936691432016,6847295516943
63,63,"192.168.2.10",437836981814916,6847295636950
64,64,"192.168.2.4",262936691639442,6847295757555
64,64,"192.168.2.10",437836982022397,6847295879442
65,65,"192.168.2.4",262936691847294,6847295998587
65,65,"192.168.2.10",437836982231045,6847296119419
66,66,"192.168.2.4",262936692058109,6847296238759
66,66,"192.168.2.10",437836982439619,6847296359594
67,67,"192.168.2.4",262936692263905,6847296479469
67,67,"192.168.2.10",437836982648749,6847296603950
68,68,"192.168.2.4",262936692473294,6847296719985
68,68,"192.168.2.10",437836982855971,6847296840239
69,69,"192.168.2.4",262936692680386,6847296961055
69,69,"192.168.2.10",437836983064397,6847297083500
70,70,"192.168.2.4",262936692888961,6847297201759
70,70,"192.168.2.10",437836983272434,6847297321984
71,71,"192.168.2.4",262936693097016,6847297441871
71,71,"192.168.2.10",437836983480490,6847297562683
72,72,"192.168.2.4",262936693305331,6847297682729
72,72,"192.168.2.10",437836983690156,6847297803630
73,73,"192.168.2.4",262936693515090,6847297925118
73,73,"192.168.2.10",437836983897304,6847298044256
74,74,"192.168.2.4",262936693722035,6847298164651
74,74,"192.168.2.10",437836984106897,6847298284843
75,75,"192.168.2.4",262936693930275,6847298405366
75,75,"192.168.2.10",437836984314101,6847298525094
76,76,"192.168.2.4",262936694138646,6847298647801
76,76,"192.168.2.10",437836984522767,6847298766406
77,77,"192.168.2.4",262936694346683,6847298886167
77,77,"192.168.2.10",437836984730656,6847299006862
78,78,"192.168.2.4",262936694556275,6847299128738
78,78,"192.168.2.10",437836984938971,6847299246584
79,79,"192.168.2.4",262936694763590,6847299367338
79,79,"192.168.2.10",437836985147675,6847299487272
80,80,"192.168.2.4",262936694971553,6847299608164
80,80,"192.168.2.10",437836985356101,6847299728313
81,81,"192.168.2.4",262936695179646,6847299848201
81,81,"192.168.2.10",437836985563786,6847299970928
82,82,"192.168.2.4",262936695388201,6847300092160
82,82,"192.168.2.10",437836985772175,6847300210265
83,83,"192.168.2.4",262936695597590,6847300330331
83,83,"192.168.2.10",437836985980490,6847300449934
84,84,"192.168.2.4",262936695804998,6847300570780
84,84,"192.168.2.10",437836986188601,6847300691192
85,85,"192.168.2.4",262936696016072,6847300811527
85,85,"192.168.2.10",437836986397249,6847300932208
86,86,"192.168.2.4",262936696221720,6847301051631
86,86,"192.168.2.10",437836986605156,6847301173131
87,87,"192.168.2.4",262936696429868,6847301292589
87,87,"192.168.2.10",437836986813397,6847301413108
88,88,"192.168.2.4",262936696639535,6847301533114
88,88,"192.168.2.10",437836987023193,6847301653735
89,89,"192.168.2.4",262936696846016,6847301774115
89,89,"192.168.2.10",437836987230378,6847301894072
90,90,"192.168.2.4",262936697054535,6847302017203
90,90,"192.168.2.10",437836987439045,6847302135055
91,91,"192.168.2.4",262936697262942,6847302254872
91,91,"192.168.2.10",437836987646860,6847302375654
92,92,"192.168.2.4",262936697471349,6847302495908
92,92,"192.168.2.10",437836987855175,6847302616660
93,93,"192.168.2.4",262936697680016,6847302736667
93,93,"192.168.2.10",437836988067416,6847302856402
94,94,"192.168.2.4",262936697888294,6847302977489
94,94,"192.168.2.10",437836988272064,6847303097393
95,95,"192.168.2.4",262936698096238,6847303221946
95,95,"192.168.2.10",437836988480045,6847303337973
96,96,"192.168.2.4",262936698304516,6847303458082
96,96,"192.168.2.10",437836988688286,6847303579549
97,97,"192.168.2.4",262936698513275,6847303701362
97,97,"192.168.2.10",437836988896527,6847303819946
98,98,"192.168.2.4",262936698722461,6847303939725
98,98,"192.168.2.10",437836989105860,6847304061556
99,99,"192.168.2.4",262936698929405,6847304181062
99,99,"192.168.2.10",437836989312934,6847304300635
100,100,"192.168.2.4",262936699137831,6847304421636
100,100,"192.168.2.10",437836989521378,6847304541316
101,101,"192.168.2.4",262936699346016,6847304661514
101,101,"192.168.2.10",437836989729601,6847304782415
102,102,"192.168.2.4",262936699554553,6847304902006
102,102,"192.168.2.10",437836989938082,6847305022920
103,103,"192.168.2.4",262936699763868,6847305142945
103,103,"192.168.2.10",437836990147323,6847305267298
104,104,"192.168.2.4",262936699970849,6847305383836
104,104,"192.168.2.10",437836990354619,6847305504152
105,105,"192.168.2.4",262936700180072,6847305624470
105,105,"192.168.2.10",437836990563175,6847305748302
106,106,"192.168.2.4",262936700387923,6847305864552
106,106,"192.168.2.10",437836990771230,6847305985244
107,107,"192.168.2.4",262936700595961,6847306107789
107,107,"192.168.2.10",437836990979675,6847306226124
108,108,"192.168.2.4",262936700804109,6847306346036
108,108,"192.168.2.10",437836991188415,6847306467204
109,109,"192.168.2.4",262936701012868,6847306589307
109,109,"192.168.2.10",437836991396082,6847306710652
110,110,"192.168.2.4",262936701220849,6847306830177
110,110,"192.168.2.10",437836991604564,6847306949492
111,111,"192.168.2.4",262936701428849,6847307070422
111,111,"192.168.2.10",437836991812971,6847307192524
112,112,"192.168.2.4",262936701637442,6847307335596
112,112,"192.168.2.10",437836992023786,6847307432239
113,113,"192.168.2.4",262936701845572,6847307551884
113,113,"192.168.2.10",437836992230490,6847307671414
114,114,"192.168.2.4",262936702054683,6847307793240
114,114,"192.168.2.10",437836992437786,6847307912122
115,115,"192.168.2.4",262936702262220,6847308035951
115,115,"192.168.2.10",437836992646582,6847308169923
116,116,"192.168.2.4",262936702470498,6847308331362
116,116,"192.168.2.10",437836992854193,6847308394060
117,117,"192.168.2.4",262936702678775,6847308512871
117,117,"192.168.2.10",437836993062508,6847308634046
118,118,"192.168.2.4",262936702887146,6847308753547
118,118,"192.168.2.10",437836993271915,6847308873142
119,119,"192.168.2.4",262936703096405,6847308993664
119,119,"192.168.2.10",437836993479286,6847309113756
120,120,"192.168.2.4",262936703303535,6847309235011
120,120,"192.168.2.10",437836993687434,6847309355404
121,121,"192.168.2.4",262936703512423,6847309475626
121,121,"192.168.2.10",437836993895990,6847309595723
122,122,"192.168.2.4",262936703720461,6847309723772
122,122,"192.168.2.10",437836994104323,6847309837193
123,123,"192.168.2.4",262936703928535,6847309957334
123,123,"192.168.2.10",437836994313656,6847310077717
124,124,"192.168.2.4",262936704140738,6847310231430
124,124,"192.168.2.10",437836994520601,6847310317450
125,125,"192.168.2.4",262936704345275,6847310445463
125,125,"192.168.2.10",437836994729119,6847310558713
126,126,"192.168.2.4",262936704553442,6847310678342
126,126,"192.168.2.10",437836994937175,6847310799562
127,127,"192.168.2.4",262936704761720,6847310919229
127,127,"192.168.2.10",437836995145675,6847311039908
128,128,"192.168.2.4",262936704970035,6847311160751
128,128,"192.168.2.10",437836995354730,6847311280438
129,129,"192.168.2.4",262936705179535,6847311400518
129,129,"192.168.2.10",437836995562175,6847311520462
130,130,"192.168.2.4",262936705386849,6847311641169
130,130,"192.168.2.10",437836995770749,6847311761668
131,131,"192.168.2.4",262936705595238,6847311881006
131,131,"192.168.2.10",437836995978619,6847312011232
132,132,"192.168.2.4",262936705803127,6847312124465
132,132,"192.168.2.10",437836996188045,6847312271135
133,133,"192.168.2.4",262936706011553,6847312363312
133,133,"192.168.2.10",437836996396786,6847312482660
134,134,"192.168.2.4",262936706221183,6847312603887
134,134,"192.168.2.10",437836996603656,6847312723143
135,135,"192.168.2.4",262936706427979,6847312843760
135,135,"192.168.2.10",437836996812471,6847312963744
136,136,"192.168.2.4",262936706636979,6847313083545
136,136,"192.168.2.10",437836997019990,6847313204426
137,137,"192.168.2.4",262936706844812,6847313324229
137,137,"192.168.2.10",437836997228897,6847313445598
138,138,"192.168.2.4",262936707053090,6847313565299
138,138,"192.168.2.10",437836997437693,6847313685230
139,139,"192.168.2.4",262936707262683,6847313806215
139,139,"192.168.2.10",437836997645045,6847313926367
140,140,"192.168.2.4",262936707469757,6847314046849
140,140,"192.168.2.10",437836997853860,6847314167022
141,141,"192.168.2.4",262936707677794,6847314288181
141,141,"192.168.2.10",437836998062101,6847314407729
142,142,"192.168.2.4",262936707886701,6847314527460
142,142,"192.168.2.10",437836998269934,6847314648245
143,143,"192.168.2.4",262936708097572,6847314768359
143,143,"192.168.2.10",437836998479601,6847314888244
144,144,"192.168.2.4",262936708304146,6847315009434
144,144,"192.168.2.10",437836998686619,6847315128846
145,145,"192.168.2.4",262936708511368,6847315249706
145,145,"192.168.2.10",437836998895119,6847315370263
146,146,"192.168.2.4",262936708719349,6847315489820
146,146,"192.168.2.10",437836999103712,6847315611436
147,147,"192.168.2.4",262936708927664,6847315731116
147,147,"192.168.2.10",437836999311897,6847315851504
148,148,"192.168.2.4",262936709135979,6847315979075
148,148,"192.168.2.10",437836999521119,6847316105032
149,149,"192.168.2.4",262936709345072,6847316228275
149,149,"192.168.2.10",437836999727953,6847316344878
150,150,"192.168.2.4",262936709553146,6847316463010
150,150,"192.168.2.10",437836999936212,6847316581761
151,151,"192.168.2.4",262936709761183,6847316707658
151,151,"192.168.2.10",437837000147415,6847316823481
152,152,"192.168.2.4",262936709969331,6847316943432
152,152,"192.168.2.10",437837000353027,6847317065030
153,153,"192.168.2.4",262936710177516,6847317184109
153,153,"192.168.2.10",437837000562638,6847317305524
154,154,"192.168.2.4",262936710386923,6847317424878
154,154,"192.168.2.10",437837000769508,6847317545555
155,155,"192.168.2.4",262936710594257,6847317665805
155,155,"192.168.2.10",437837000978249,6847317786267
156,156,"192.168.2.4",262936710802461,6847317906839
156,156,"192.168.2.10",437837001186360,6847318026126
157,157,"192.168.2.4",262936711011183,6847318148240
157,157,"192.168.2.10",437837001394860,6847318270332
158,158,"192.168.2.4",262936711218942,6847318393949
158,158,"192.168.2.10",437837001603601,6847318502623
159,159,"192.168.2.4",262936711428461,6847318619349
159,159,"192.168.2.10",437837001811693,6847318738899
160,160,"192.168.2.4",262936711636016,6847318859875
160,160,"192.168.2.10",437837002019767,6847318979928
161,161,"192.168.2.4",262936711844146,6847319099811
161,161,"192.168.2.10",437837002227897,6847319221713
162,162,"192.168.2.4",262936712054701,6847319340364
162,162,"192.168.2.10",437837002436119,6847319461075
163,163,"192.168.2.4",262936712260942,6847319588222
163,163,"192.168.2.10",437837002645508,6847319712094
164,164,"192.168.2.4",262936712470090,6847319829606
164,164,"192.168.2.10",437837002852360,6847319949407
165,165,"192.168.2.4",262936712677498,6847320065389
165,165,"192.168.2.10",437837003061008,6847320184832
166,166,"192.168.2.4",262936712885701,6847320307166
166,166,"192.168.2.10",437837003269286,6847320435089
167,167,"192.168.2.4",262936713093886,6847320558166
167,167,"192.168.2.10",437837003477656,6847320705098
168,168,"192.168.2.4",262936713301905,6847320790805
168,168,"192.168.2.10",437837003687138,6847320907175
169,169,"192.168.2.4",262936713511368,6847321029098
169,169,"192.168.2.10",437837003894286,6847321153314
170,170,"192.168.2.4",262936713718627,6847321274836
170,170,"192.168.2.10",437837004103693,6847321396940
171,171,"192.168.2.4",262936713926868,6847321517277
171,171,"192.168.2.10",437837004311230,6847321636087
172,172,"192.168.2.4",262936714135275,6847321754396
172,172,"192.168.2.10",437837004519545,6847321879191
173,173,"192.168.2.4",262936714343627,6847321999335
173,173,"192.168.2.10",437837004728601,6847322118634
174,174,"192.168.2.4",262936714553016,6847322239963
174,174,"192.168.2.10",437837004935897,6847322360093
175,175,"192.168.2.4",262936714760257,6847322484504
175,175,"192.168.2.10",437837005143693,6847322603315
176,176,"192.168.2.4",262936714968516,6847322744291
176,176,"192.168.2.10",437837005352156,6847322836780
177,177,"192.168.2.4",262936715176331,6847322958861
177,177,"192.168.2.10",437837005560841,6847323075080
178,178,"192.168.2.4",262936715385275,6847323220320
178,178,"192.168.2.10",437837005769841,6847323315714
179,179,"192.168.2.4",262936715594294,6847323436308
179,179,"192.168.2.10",437837005976915,6847323556948
180,180,"192.168.2.4",262936715801979,6847323676856
180,180,"192.168.2.10",437837006185693,6847323794625
181,181,"192.168.2.4",262936716012831,6847323914802
181,181,"192.168.2.10",437837006394101,6847324037472
182,182,"192.168.2.4",262936716218590,6847324154957
182,182,"192.168.2.10",437837006602101,6847324275201
183,183,"192.168.2.4",262936716426516,6847324401219
183,183,"192.168.2.10",437837006811212,6847324519673
184,184,"192.168.2.4",262936716635979,6847324638342
184,184,"192.168.2.10",437837007019119,6847324759163
185,185,"192.168.2.4",262936716843146,6847324878675
185,185,"192.168.2.10",437837007227323,6847324998485
186,186,"192.168.2.4",262936717051590,6847325119031
186,186,"192.168.2.10",437837007435286,6847325250705
187,187,"192.168.2.4",262936717259720,6847325361227
187,187,"192.168.2.10",437837007644193,6847325481379
188,188,"192.168.2.4",262936717468294,6847325599630
188,188,"192.168.2.10",437837007852730,6847325729997
189,189,"192.168.2.4",262936717677664,6847325838896
189,189,"192.168.2.10",437837008063249,6847325964158
190,190,"192.168.2.4",262936717884775,6847326079156
190,190,"192.168.2.10",437837008268730,6847326200249
191,191,"192.168.2.4",262936718092775,6847326319616
191,191,"192.168.2.10",437837008477101,6847326440146
192,192,"192.168.2.4",262936718301220,6847326561727
192,192,"192.168.2.10",437837008684712,6847326681065
193,193,"192.168.2.4",262936718509757,6847326800635
193,193,"192.168.2.10",437837008894397,6847326920616
194,194,"192.168.2.4",262936718718886,6847327041503
194,194,"192.168.2.10",437837009101656,6847327161510
195,195,"192.168.2.4",262936718926590,6847327282246
195,195,"192.168.2.10",437837009310286,6847327402452
196,196,"192.168.2.4",262936719134349,6847327522285
196,196,"192.168.2.10",437837009518119,6847327642968
197,197,"192.168.2.4",262936719342535,6847327762991
197,197,"192.168.2.10",437837009726712,6847327883791
198,198,"192.168.2.4",262936719551201,6847328030458
198,198,"192.168.2.10",437837009936156,6847328134106
199,199,"192.168.2.4",262936719760738,6847328248795
199,199,"192.168.2.10",437837010143193,6847328365091
200,200,"192.168.2.4",262936719967442,6847328485961
200,200,"192.168.2.10",437837010351582,6847328607831
201,201,"192.168.2.4",262936720176942,6847328725868
201,201,"192.168.2.10",437837010559712,6847328846267
202,202,"192.168.2.4",262936720384775,6847328966263
202,202,"192.168.2.10",437837010767971,6847329087618
203,203,"192.168.2.4",262936720592609,6847329207333
203,203,"192.168.2.10",437837010977286,6847329327301
204,204,"192.168.2.4",262936720802257,6847329447915
204,204,"192.168.2.10",437837011184823,6847329568061
205,205,"192.168.2.4",262936721009405,6847329688975
205,205,"192.168.2.10",437837011393138,6847329808967
206,206,"192.168.2.4",262936721217535,6847329928847
206,206,"192.168.2.10",437837011601249,6847330049465
207,207,"192.168.2.4",262936721425683,6847330169656
207,207,"192.168.2.10",437837011809582,6847330290885
208,208,"192.168.2.4",262936721634275,6847330410567
208,208,"192.168.2.10",437837012021971,6847330530561
209,209,"192.168.2.4",262936721843146,6847330652779
209,209,"192.168.2.10",437837012226119,6847330771819
210,210,"192.168.2.4",262936722050646,6847330892352
210,210,"192.168.2.10",437837012434619,6847331012088
211,211,"192.168.2.4",262936722259090,6847331132296
211,211,"192.168.2.10",437837012642897,6847331252738
212,212,"192.168.2.4",262936722467498,6847331375679
212,212,"192.168.2.10",437837012851360,6847331493544
213,213,"192.168.2.4",262936722675812,6847331613636
213,213,"192.168.2.10",437837013060675,6847331733587
214,214,"192.168.2.4",262936722884961,6847331858047
214,214,"192.168.2.10",437837013267378,6847331974221
215,215,"192.168.2.4",262936723092590,6847332095807
215,215,"192.168.2.10",437837013476101,6847332215387
216,216,"192.168.2.4",262936723300201,6847332336516
216,216,"192.168.2.10",437837013684267,6847332456280
217,217,"192.168.2.4",262936723509109,6847332576370
217,217,"192.168.2.10",437837013892601,6847332698588
218,218,"192.168.2.4",262936723717072,6847332817228
218,218,"192.168.2.10",437837014101971,6847332936900
219,219,"192.168.2.4",262936723926072,6847333057994
219,219,"192.168.2.10",437837014309101,6847333178073
220,220,"192.168.2.4",262936724136331,6847333298900
220,220,"192.168.2.10",437837014517397,6847333418525
221,221,"192.168.2.4",262936724342238,6847333538617
221,221,"192.168.2.10",437837014726082,6847333659718
222,222,"192.168.2.4",262936724550349,6847333779525
222,222,"192.168.2.10",437837014934101,6847333900167
223,223,"192.168.2.4",262936724758553,6847334020243
223,223,"192.168.2.10",437837015142675,6847334140602
224,224,"192.168.2.4",262936724967683,6847334261323
224,224,"192.168.2.10",437837015350823,6847334381033
225,225,"192.168.2.4",262936725175386,6847334501821
225,225,"192.168.2.10",437837015559249,6847334622045
226,226,"192.168.2.4",262936725383886,6847334742964
226,226,"192.168.2.10",437837015767378,6847334863020
227,227,"192.168.2.4",262936725592127,6847334982821
227,227,"192.168.2.10",437837015975638,6847335103180
228,228,"192.168.2.4",262936725800405,6847335223351
228,228,"192.168.2.10",437837016204860,6847335343254
229,229,"192.168.2.4",262936726009812,6847335464131
229,229,"192.168.2.10",437837016392841,6847335584173
230,230,"192.168.2.4",262936726216868,6847335704839
230,230,"192.168.2.10",437837016600804,6847335824974
231,231,"192.168.2.4",262936726424979,6847335945631
231,231,"192.168.2.10",437837016808841,6847336068003
232,232,"192.168.2.4",262936726633664,6847336186765
232,232,"192.168.2.10",437837017017138,6847336307182
233,233,"192.168.2.4",262936726841405,6847336427275
233,233,"192.168.2.10",437837017225360,6847336547102
234,234,"192.168.2.4",262936727050979,6847336667980
234,234,"192.168.2.10",437837017434971,6847336789301
235,235,"192.168.2.4",262936727258423,6847336909036
235,235,"192.168.2.10",437837017641897,6847337028640
236,236,"192.168.2.4",262936727466961,6847337148530
236,236,"192.168.2.10",437837017850193,6847337269864
237,237,"192.168.2.4",262936727674627,6847337393225
237,237,"192.168.2.10",437837018058693,6847337510065
238,238,"192.168.2.4",262936727883275,6847337629988
238,238,"192.168.2.10",437837018266675,6847337750474
239,239,"192.168.2.4",262936728095183,6847337870986
239,239,"192.168.2.10",437837018476082,6847337991124
240,240,"192.168.2.4",262936728299998,6847338111905
240,240,"192.168.2.10",437837018683841,6847338231659
241,241,"192.168.2.4",262936728508442,6847338351791
241,241,"192.168.2.10",437837018891915,6847338472587
242,242,"192.168.2.4",262936728716331,6847338592759
242,242,"192.168.2.10",437837019100212,6847338713843
243,243,"192.168.2.4",262936728924590,6847338834817
243,243,"192.168.2.10",437837019308397,6847338953856
244,244,"192.168.2.4",262936729134053,6847339074432
244,244,"192.168.2.10",437837019517527,6847339194528
245,245,"192.168.2.4",262936729340905,6847339315066
245,245,"192.168.2.10",437837019725082,6847339437236
246,246,"192.168.2.4",262936729549701,6847339554937
246,246,"192.168.2.10",437837019933230,6847339675721
247,247,"192.168.2.4",262936729758072,6847339795727
247,247,"192.168.2.10",437837020144693,6847339921767
248,248,"192.168.2.4",262936729966072,6847340037103
248,248,"192.168.2.10",437837020347749,6847340156901
249,249,"192.168.2.4",262936730175498,6847340277562
249,249,"192.168.2.10",437837020556656,6847340397228
250,250,"192.168.2.4",262936730383146,6847340518230
250,250,"192.168.2.10",437837020764397,6847340638233
251,251,"192.168.2.4",262936730591090,6847340758668
251,251,"192.168.2.10",437837020972453,6847340880529
252,252,"192.168.2.4",262936730799275,6847340999102
252,252,"192.168.2.10",437837021180693,6847341120398
253,253,"192.168.2.4",262936731007183,6847341239898
253,253,"192.168.2.10",437837021389027,6847341360057
254,254,"192.168.2.4",262936731215479,6847341480750
254,254,"192.168.2.10",437837021598249,6847341600997
255,255,"192.168.2.4",262936731424146,6847341721540
255,255,"192.168.2.10",437837021805971,6847341841630
256,256,"192.168.2.4",262936731632701,6847341966355
256,256,"192.168.2.10",437837022013878,6847342082362
257,257,"192.168.2.4",262936731840479,6847342202303
257,257,"192.168.2.10",437837022222193,6847342322974
258,258,"192.168.2.4",262936732052146,6847342443030
258,258,"192.168.2.10",437837022430212,6847342563158
259,259,"192.168.2.4",262936732257627,6847342684105
259,259,"192.168.2.10",437837022639934,6847342804178
260,260,"192.168.2.4",262936732465627,6847342926646
260,260,"192.168.2.10",437837022847045,6847343045032
261,261,"192.168.2.4",262936732673923,6847343164524
261,261,"192.168.2.10",437837023055453,6847343285527
262,262,"192.168.2.4",262936732882423,6847343405448
262,262,"192.168.2.10",437837023263675,6847343526215
263,263,"192.168.2.4",262936733090683,6847343646151
263,263,"192.168.2.10",437837023471601,6847343766409
264,264,"192.168.2.4",262936733299035,6847343886903
264,264,"192.168.2.10",437837023681064,6847344024001
265,265,"192.168.2.4",262936733508460,6847344129151
265,265,"192.168.2.10",437837023889082,6847344247999
266,266,"192.168.2.4",262936733715386,6847344367939
266,266,"192.168.2.10",437837024101008,6847344488998
267,267,"192.168.2.4",262936733923368,6847344608877
267,267,"192.168.2.10",437837024308341,6847344729474
268,268,"192.168.2.4",262936734132405,6847344849781
268,268,"192.168.2.10",437837024516193,6847344971813
269,269,"192.168.2.4",262936734340701,6847345090874
269,269,"192.168.2.10",437837024725156,6847345210559
270,270,"192.168.2.4",262936734549942,6847345331365
270,270,"192.168.2.10",437837024932693,6847345451355
271,271,"192.168.2.4",262936734757035,6847345571401
271,271,"192.168.2.10",437837025141027,6847345692011
272,272,"192.168.2.4",262936734964960,6847345812104
272,272,"192.168.2.10",437837025349156,6847345933314
273,273,"192.168.2.4",262936735173498,6847346052972
273,273,"192.168.2.10",437837025557434,6847346172781
274,274,"192.168.2.4",262936735382035,6847346293451
274,274,"192.168.2.10",437837025766341,6847346413723
275,275,"192.168.2.4",262936735590868,6847346534444
275,275,"192.168.2.10",437837025974119,6847346654532
276,276,"192.168.2.4",262936735798479,6847346774382
276,276,"192.168.2.10",437837026182730,6847346895331
277,277,"192.168.2.10",437837026390878,6847347016451
277,277,"192.168.2.4",262936736023275,6847347139428
278,278,"192.168.2.10",437837026598767,6847347256444
278,278,"192.168.2.4",262936736227053,6847347375789
279,279,"192.168.2.4",262936736430035,6847347496949
279,279,"192.168.2.10",437837026808230,6847347616526
280,280,"192.168.2.4",262936736634664,6847347737457
280,280,"192.168.2.10",437837027015582,6847347857641
281,281,"192.168.2.4",262936736841331,6847347977441
281,281,"192.168.2.10",437837027223656,6847348098725
282,282,"192.168.2.4",262936737049423,6847348218587
282,282,"192.168.2.10",437837027432064,6847348339397
283,283,"192.168.2.4",262936737257423,6847348459397
283,283,"192.168.2.10",437837027640082,6847348579121
284,284,"192.168.2.4",262936737465498,6847348700364
284,284,"192.168.2.10",437837027849267,6847348820598
285,285,"192.168.2.4",262936737675275,6847348941625
285,285,"192.168.2.10",437837028059823,6847349062362
286,286,"192.168.2.4",262936737882072,6847349185091
286,286,"192.168.2.10",437837028265286,6847349301858
287,287,"192.168.2.4",262936738090201,6847349422216
287,287,"192.168.2.10",437837028473582,6847349542516
288,288,"192.168.2.4",262936738298812,6847349665713
288,288,"192.168.2.10",437837028681749,6847349782369
289,289,"192.168.2.4",262936738507312,6847349903411
289,289,"192.168.2.10",437837028891323,6847350023347
290,290,"192.168.2.4",262936738716294,6847350144121
290,290,"192.168.2.10",437837029098712,6847350264359
291,291,"192.168.2.4",262936738923516,6847350384336
291,291,"192.168.2.10",437837029306730,6847350504887
292,292,"192.168.2.4",262936739131794,6847350624990
292,292,"192.168.2.10",437837029515415,6847350746005
293,293,"192.168.2.4",262936739339979,6847350866391
293,293,"192.168.2.10",437837029723415,6847350985890
294,294,"192.168.2.4",262936739548849,6847351107975
294,294,"192.168.2.10",437837029932619,6847351229168
295,295,"192.168.2.4",262936739758127,6847351347284
295,295,"192.168.2.10",437837030140064,6847351467386
296,296,"192.168.2.4",262936739965516,6847351587733
296,296,"192.168.2.10",437837030348138,6847351711330
297,297,"192.168.2.4",262936740175423,6847351827999
297,297,"192.168.2.10",437837030556638,6847351948577
298,298,"192.168.2.4",262936740382349,6847352069416
298,298,"192.168.2.10",437837030764656,6847352189072
299,299,"192.168.2.4",262936740590183,6847352309889
299,299,"192.168.2.10",437837030974064,6847352429902
300,300,"192.168.2.4",262936740800183,6847352550517
300,300,"192.168.2.10",437837031181767,6847352670835
301,301,"192.168.2.4",262936741006905,6847352790703
301,301,"192.168.2.10",437837031389545,6847352911566
302,302,"192.168.2.4",262936741215368,6847353031503
302,302,"192.168.2.10",437837031598175,6847353153460
303,303,"192.168.2.4",262936741423294,6847353272480
303,303,"192.168.2.10",437837031806860,6847353392187
304,304,"192.168.2.4",262936741631868,6847353513254
304,304,"192.168.2.10",437837032018712,6847353632977
305,305,"192.168.2.4",262936741841053,6847353759039
305,305,"192.168.2.10",437837032223323,6847353873707
306,306,"192.168.2.4",262936742047979,6847353993796
306,306,"192.168.2.10",437837032431267,6847354114796
307,307,"192.168.2.4",262936742256460,6847354234828
307,307,"192.168.2.10",437837032639823,6847354355342
308,308,"192.168.2.4",262936742464627,6847354475345
308,308,"192.168.2.10",437837032848082,6847354595613
309,309,"192.168.2.4",262936742672979,6847354716132
309,309,"192.168.2.10",437837033057175,6847354836454
310,310,"192.168.2.4",262936742882368,6847354956982
310,310,"192.168.2.10",437837033264656,6847355076938
311,311,"192.168.2.4",262936743089664,6847355198451
311,311,"192.168.2.10",437837033472712,6847355317872
312,312,"192.168.2.4",262936743298109,6847355437979
312,312,"192.168.2.10",437837033681119,6847355558308
313,313,"192.168.2.4",262936743506423,6847355678474
313,313,"192.168.2.10",437837033889064,6847355801367
314,314,"192.168.2.4",262936743714812,6847355919302
315,315,"192.168.2.4",262936743923886,6847356039781
315,315,"192.168.2.10",437837034306101,6847356160546
316,316,"192.168.2.4",262936744134109,6847356281159
316,316,"192.168.2.10",437837034514841,6847356400212
317,317,"192.168.2.4",262936744339609,6847356521120
318,318,"192.168.2.4",262936744547535,6847356641437
318,318,"192.168.2.10",437837034931064,6847356761909
319,319,"192.168.2.4",262936744756053,6847356882050
319,319,"192.168.2.10",437837035140360,6847357001859
320,320,"192.168.2.4",262936744965109,6847357123052
320,320,"192.168.2.10",437837035347397,6847357243938
321,321,"192.168.2.4",262936745172646,6847357363608
322,322,"192.168.2.4",262936745381146,6847357483369
322,322,"192.168.2.10",437837035764101,6847357603603
323,323,"192.168.2.4",262936745589016,6847357724357
323,323,"192.168.2.10",437837035972490,6847357845613
324,324,"192.168.2.4",262936745797609,6847357965156
324,324,"192.168.2.10",437837036182527,6847358085150
325,325,"192.168.2.4",262936746002127,6847358204992
326,326,"192.168.2.10",437837036597638,6847358327539
326,326,"192.168.2.4",262936746231609,6847358445732
327,327,"192.168.2.4",262936746418535,6847358566595
327,327,"192.168.2.10",437837036805619,6847358686654
328,328,"192.168.2.4",262936746626090,6847358806597
328,328,"192.168.2.10",437837037013897,6847358927857
329,329,"192.168.2.4",262936746833831,6847359047655
330,330,"192.168.2.4",262936747042942,6847359168197
330,330,"192.168.2.10",437837037430730,6847359289356
331,331,"192.168.2.4",262936747250812,6847359408293
331,331,"192.168.2.10",437837037638601,6847359528953
332,332,"192.168.2.4",262936747458535,6847359649234
333,333,"192.168.2.4",262936747666868,6847359769837
333,333,"192.168.2.10",437837038055397,6847359890192
334,334,"192.168.2.4",262936747875349,6847360013105
334,334,"192.168.2.10",437837038264601,6847360130819
335,335,"192.168.2.4",262936748086442,6847360250834
335,335,"192.168.2.10",437837038472082,6847360377182
336,336,"192.168.2.4",262936748291979,6847360491493
337,337,"192.168.2.4",262936748500183,6847360611622
337,337,"192.168.2.10",437837038888415,6847360732410
338,338,"192.168.2.4",262936748708479,6847360852347
338,338,"192.168.2.10",437837039096786,6847360973432
339,339,"192.168.2.4",262936748916590,6847361093310
339,339,"192.168.2.10",437837039305897,6847361213385
340,340,"192.168.2.4",262936749126016,6847361335193
341,341,"192.168.2.4",262936749333572,6847361453998
341,341,"192.168.2.10",437837039721860,6847361574739
342,342,"192.168.2.4",262936749541683,6847361694755
342,342,"192.168.2.10",437837039930064,6847361814842
343,343,"192.168.2.4",262936749749868,6847361935867
344,344,"192.168.2.4",262936749958368,6847362055454
344,344,"192.168.2.10",437837040348064,6847362176359
345,345,"192.168.2.4",262936750167053,6847362299139
345,345,"192.168.2.10",437837040555045,6847362416266
346,346,"192.168.2.4",262936750374812,6847362537665
346,346,"192.168.2.10",437837040763119,6847362657155
347,347,"192.168.2.4",262936750582960,6847362778840
348,348,"192.168.2.4",262936750791738,6847362898034
348,348,"192.168.2.10",437837041180138,6847363018089
349,349,"192.168.2.4",262936750999960,6847363138795
349,349,"192.168.2.10",437837041389119,6847363259246
350,350,"192.168.2.4",262936751208627,6847363380750
350,350,"192.168.2.10",437837041596601,6847363499590
351,351,"192.168.2.4",262936751416479,6847363619459
352,352,"192.168.2.4",262936751624720,6847363740151
352,352,"192.168.2.10",437837042013101,6847363860468
353,353,"192.168.2.4",262936751832998,6847363981168
353,353,"192.168.2.10",437837042221582,6847364101792
354,354,"192.168.2.4",262936752043609,6847364221520
354,354,"192.168.2.10",437837042430286,6847364344311
355,355,"192.168.2.4",262936752250775,6847364462213
356,356,"192.168.2.4",262936752457646,6847364583099
356,356,"192.168.2.10",437837042846101,6847364703146
357,357,"192.168.2.4",262936752666127,6847364826440
357,357,"192.168.2.10",437837043054527,6847364943939
358,358,"192.168.2.4",262936752874572,6847365063752
359,359,"192.168.2.4",262936753082812,6847365184444
359,359,"192.168.2.10",437837043472490,6847365304767
360,360,"192.168.2.4",262936753291646,6847365426044
360,360,"192.168.2.10",437837043680008,6847365545341
361,361,"192.168.2.4",262936753499683,6847365665304
361,361,"192.168.2.10",437837043887934,6847365786153
362,362,"192.168.2.4",262936753707646,6847365906183
363,363,"192.168.2.4",262936753915905,6847366026149
363,363,"192.168.2.10",437837044304397,6847366146980
364,364,"192.168.2.4",262936754124405,6847366267175
364,364,"192.168.2.10",437837044513693,6847366388207
365,365,"192.168.2.4",262936754333146,6847366507503
365,365,"192.168.2.10",437837044721675,6847366627514
366,366,"192.168.2.4",262936754540775,6847366748444
367,367,"192.168.2.4",262936754749498,6847366869859
367,367,"192.168.2.10",437837045137693,6847366989383
368,368,"192.168.2.4",262936754957979,6847367109356
368,368,"192.168.2.10",437837045345878,6847367229334
369,369,"192.168.2.4",262936755165775,6847367409601
370,370,"192.168.2.4",262936755374942,6847367515588
370,370,"192.168.2.10",437837045762508,6847367647556
371,371,"192.168.2.4",262936755582275,6847367754210
371,371,"192.168.2.10",437837045970841,6847367877337
372,372,"192.168.2.4",262936755790627,6847367951626
372,372,"192.168.2.10",437837046179101,6847368071156
373,373,"192.168.2.4",262936755998960,6847368191362
374,374,"192.168.2.4",262936756208294,6847368311306
374,374,"192.168.2.10",437837046595804,6847368431707
375,375,"192.168.2.4",262936756416738,6847368594183
375,375,"192.168.2.10",437837046804212,6847368713474
376,376,"192.168.2.4",262936756624423,6847368835244
376,376,"192.168.2.10",437837047012471,6847368945485
377,377,"192.168.2.4",262936756832109,6847369033226
378,378,"192.168.2.4",262936757040238,6847369185796
378,378,"192.168.2.10",437837047428934,6847369304535
379,379,"192.168.2.4",262936757248701,6847369395286
379,379,"192.168.2.10",437837047637175,6847369516325
380,380,"192.168.2.4",262936757457738,6847369634718
380,380,"192.168.2.10",437837047845897,6847369786891
381,381,"192.168.2.4",262936757665183,6847369875695
382,382,"192.168.2.4",262936757873868,6847369996423
382,382,"192.168.2.10",437837048261897,6847370115971
383,383,"192.168.2.4",262936758082238,6847370236190
383,383,"192.168.2.10",437837048470527,6847370387334
384,384,"192.168.2.4",262936758290294,6847370508502
385,385,"192.168.2.4",262936758499498,6847370598301
385,385,"192.168.2.10",437837048888212,6847370717880
386,386,"192.168.2.4",262936758706886,6847370837628
386,386,"192.168.2.10",437837049095397,6847370997637
387,387,"192.168.2.4",262936758915127,6847371110191
387,387,"192.168.2.10",437837049303619,6847371199151
388,388,"192.168.2.4",262936759123720,6847371319181
389,389,"192.168.2.4",262936759331849,6847371441669
389,389,"192.168.2.10",437837049720212,6847371595390
390,390,"192.168.2.4",262936759541146,6847371710550
390,390,"192.168.2.10",437837049929415,6847371800895
391,391,"192.168.2.4",262936759748442,6847371921038
391,391,"192.168.2.10",437837050136730,6847372041405
392,392,"192.168.2.4",262936759956683,6847372205601
393,393,"192.168.2.4",262936760167016,6847372681088
393,393,"192.168.2.10",437837050553434,6847372683964
394,394,"192.168.2.4",262936760373683,6847372686194
394,394,"192.168.2.10",437837050761508,6847372688882
395,395,"192.168.2.4",262936760582090,6847373160672
395,395,"192.168.2.10",437837050971434,6847373163151
396,396,"192.168.2.4",262936760790016,6847373165531
397,397,"192.168.2.4",262936760998498,6847373245831
397,397,"192.168.2.10",437837051386767,6847373339811
398,398,"192.168.2.4",262936761206701,6847373461101
398,398,"192.168.2.10",437837051595304,6847373578843
399,399,"192.168.2.4",262936761414553,6847373642660
